userID,password,otp
sginnelly0,"eN9)'}\.yPYrv5,",511199
mbredes1,oU6!Mxn$&,136582
lcastri2,hH0+Yyqg,530742
ptwinberrow3,zI3=zGT%G,329118
adrinkale4,pG4{MS1m,328080
barens5,"jP2,`e%Tv>5",165938
dstammers6,cB5\HC&/,850468
apashby7,zG6|Zs+k_J|<h,594518
jboorer8,lJ4${yG7X\7_0J,457195
eelsie9,fE6?vvH7ax|7/m,336566
mhounsoma,kL9_QoC/KQBJ(UZy,366976
iveldenb,"mP0>uuU@,30t.`d3",485489
tsnasdellc,"bE0""?Lr*1dPjW<",971784
vpoleykettd,tJ1!r{O}b(y,223852
wchicchellie,"gJ2,Ty=e(QZCU5Qr",853582
basmanf,"jG1@',(TwL#IYrI",122864
dspeedyg,zR4@dR(L.#NT,756824
bmellowsh,uN6(C`CsR,282099
wcowdrayi,pD0`nyaz~y4NI,632466
rsuggej,"oP9&,``X",526484
fwearnek,cN5'9g+I,128314
rhealingl,iF6$7J%dUV9B3,531195
mtoulchm,"pH3~_B6,1ZyE_",843096
mhuglin,uY4+i(EFQb|sE)$v,788542
mknighto,pH6!nc)H(}J.0,266584
lfisbeyp,dQ4.HGyPN,349266
amaryottq,oF3)7#xE|Z,443428
smcfetrichr,nP5`aH?v1,666608
fraises,vW8\PK_t,114033
hmaccostot,aY3~=W|1`gU'wZ,369171
mweavingu,yS9\z&\gH,201882
dbydawayv,eP0?KvI<bfY0,546437
eoliphantw,mK4=s`tT%CC57Q.,365312
akylesx,"jA2\4""(1Ky}26l*(",997175
mcrollmany,jM6>nqGoSyy,117680
ngaukrodgez,"tY8?2At5|""6",398791
fmacaleese10,mU6!pfYMh|N4,679717
ocarnalan11,"tR7""\8zXPzAu?W&'",447575
acoult12,wP7!Q'N$7G,292265
rwestall13,"bT5%UsV4""Q82qYu",674866
dstave14,uR3_>i3),545462
wyitzhak15,mO5~}5N=!jWhyB(!,563447
mshiels16,vL3'<5?A2P\qP)dq,438919
igallant17,mE2(3wy%b+xZ,945555
rralling18,yD0!HS=\YO,241548
istoyell19,kU4(GzuU$',809181
jbourtoumieux1a,rL0~\SKHfsu}!'B_,144154
cnoods1b,"dA3?+nAY""",121701
mohickey1c,zI4?8ef18,142420
aricket1d,wJ3!\{tZj,785588
sputman1e,uJ3*/bn>,350639
ytayloe1f,oY9#%7z\,949570
kgreatham1g,gN2/@AH1!?mOxzY,543632
hcawdron1h,iN9?V5Ug,203669
eleggott1i,lA3}d%POVp57JJ,377666
mtitheridge1j,oM7$GBunu'4=Cri,761408
ibunn1k,qF8+?ND$%Mvr?M>V,605919
ttickle1l,dH3+82b*G,432228
amazzeo1m,hV2!t&sb,487761
hgiblett1n,fY2$48l@',150435
fcullabine1o,yF7\ROF`,720762
btillerton1p,mG3.K5>t,265932
sphilipsen1q,eU3|xjD9xg\WPm,608988
bbastard1r,cQ4/QY!P(V,796874
cspiers1s,kT6/}IA{0&8adII`,479541
rhurll1t,yM1'`Wi/T,991150
rdunthorn1u,vS6!dHmvc,722732
cgillbee1v,gD6#dV_\FA\nmY,874624
shimsworth1w,"uW3>X7l),#k~",739155
cvonnassau1x,cE5!z>}S,551269
sgoater1y,"dU1_&%a#RLU/,",803597
asheeres1z,mV0<R1MgvAWB7j,317057
lgoodale20,qN2(</l%mR|,466492
bklulisek21,oR7\WLu1Vl/|*?cp,490292
wboost22,lL7?MIAZ,578960
ceggins23,hG1=8}\|}X,649316
rnetley24,sJ2+/{tX,428616
wreese25,aG5=Aax5=Z9p/>rJ,707392
ahampe26,xZ4=BRP5,486354
cclew27,nN4)|_nJuN#E,122092
lbroader28,mZ6~4>o}}GWT*u``,289033
sortzen29,zS9+h*F&iVpcaZld,945178
gproppers2a,"eY8=Zc>""@Ww3&wT",869947
ktetsall2b,tK5#8|XP|7(,537912
sboosey2c,"pW7_NP""/Fsm+a){",799158
dmcelrath2d,"bJ4&y""*t'>,N",973636
eskellen2e,"sF2|,3@_",694546
gmacquire2f,wI1\J>#Rm9,418928
tteek2g,"tU5""pl+{Us",502150
cambrogioli2h,kH3<~vcBp)in,591259
mhobden2i,"mX1+#}fbyaeo,",592481
gpotapczuk2j,xE2%uYF{7?/y8$Ko,600080
pdanniel2k,jQ7._DnbSvt|S3,302253
tlympenie2l,iH2%!U>y0NBj+a,741727
mstoaks2m,hY1__wzE},693751
bslocumb2n,tS9?%06oP\,387060
cchoppen2o,"eU8\7j=G""3h=cHk",511816
mfullman2p,tF6+Mjk`Xqz<@?f,155428
cbrahmer2q,eB1}cXlL+F6,652740
hnanetti2r,cI9~6vHUn7,661863
hmangan2s,"mP4<}\+""FvH2",156666
fmcdonell2t,lC7'+>ECNpq,544880
rbezzant2u,rW2.oe.ea,620693
bpierrepont2v,"kG9_4m1,rwi",980694
rcalcut2w,pB2.Fp9)#SCe<pj,599588
fmaryan2x,pO2)=*nUj#,853248
nbrandon2y,"hX9,Er_Or+}O",202042
mlaurenson2z,oD8~B+'dnG,112982
klarkby30,yK2*Krac.A%,479755
darthurs31,"eD4*}u#f,""/Ht1",159880
opatley32,"mU7({3,L1IUS",450955
ceagling33,jZ0#_0R)=@(p$\,659331
hbearman34,zE8__WGl,822118
cwarriner35,dV1@\BYobxF5XL,185959
rhebblewhite36,"bB3+D'*.DiF),ha",360348
broggero37,uS3`Jd#I52&Ll,859026
asmiths38,rK1${.5L,931400
hbraitling39,"sP6=@)HXT."",",257394
kmaccart3a,"vN7""Fg)eOYY|",596899
nshrigley3b,"pY2*e,.0W}@lh",663289
cwhitbread3c,iP9}?B!4{3{dqnE,520800
lgooddy3d,"nC7""v5&K)tyWz*U",232627
escampion3e,lX3&AJ!CZn,858528
mmccaffrey3f,xH7#3Gc*2Wv@jv,852452
bblacklock3g,"iW1>dBQl/|&,",457832
dtrevon3h,"aM0}+0m2a0$Z,$",234935
ddimitriades3i,qX2=PF\wXx`Jr,914460
stowey3j,mG1%#_/J,853159
jblackford3k,yU9&Miyt)i,268348
llowther3l,cV0%R$1t#0|@Y0u,291690
kbadger3m,fA6`3ddh9V#41*A,605692
cgianullo3n,uU7%a=7oFIWh?d,992316
jgodbold3o,fO3_1/UHR,849660
lhempel3p,jE6/6}5NkbDaK1,614617
ngors3q,uI8!.>/g#+1/,805668
maronin3r,"eM1""2UafVW#",476183
hjoseland3s,dV0~T1r.9ixWDp35,978892
njessopp3t,pG7=X?d`WV`R,581428
mcornall3u,"sA8|LGN)S,_.keBI",842627
jvigrass3v,"xR3,&2$G/lgV",965417
gbattson3w,dO0*27J@7E?l,107511
oilem3x,tF5.n|oo~,712415
rdeamaya3y,qV6@K53w,197204
ghuban3z,"cY5`C$m2Mt>,+Cx",731717
bbengough40,lB1)kmV+Q)O1w*',814726
npickton41,"aX6,9=!b|",220518
dpinkett42,aD3$F0.6U$V,961889
dolagen43,xQ4.8>$7,156460
hdarinton44,kJ7!n=1*f6Y9S7h,435302
emulliss45,mM5>0a+C6us#$I@O,405224
ldrewe46,aS4\1=99H7a,852726
ckopps47,oR2}NH@QH,933207
mbulgen48,lS3#ekS5Yz+W|Cf,808642
mfellgate49,"hX4?ts>""'6s",444235
sbrombell4a,zX9~sl3H*DUiwuMc,752093
mhinder4b,vH1}GaL9$OCwY)>t,299150
dcaddie4c,xB6`>eo!rpp/%,478955
deckly4d,zT3&eu15T,504121
lbanat4e,lS2)F{6iCSLF,298165
aspurdens4f,oC7?HCa~j2,646740
jmacparland4g,zG1+tGQS,167179
mwitherdon4h,"aO5@,.N8\",677375
dlauder4i,uF9+X/$t|,989884
lspaduzza4j,qV8).u&?,318413
ggribbins4k,zM2~O}.9N`Z@/I*,923064
jscotchford4l,cX4.~Z=+As\K9,842071
krawnsley4m,"zJ8),7em%'GCg'7",524116
dpeevor4n,pR9&3{cq*%Oz(<,479369
acorbitt4o,hR9*89p?7KD+,927795
alucy4p,cH6{41p(Avjck%/U,533335
lmcgiffie4q,zA4{KZ9UD+`*>~Q2,220832
xminett4r,"cJ0""gUHQ1&#55",503754
vcouper4s,qA9}Ca)KjT!)@?,877150
hfifoot4t,"dQ7""Uj5zrF",933357
cbezant4u,uM1(RUaW,886876
rlambshine4v,"vJ2~p""'J",756387
adecent4w,"fY5`y0KpC""&L6&!",412962
rsanti4x,zR8~6t'R,490795
nlockley4y,zX7)#aMFW,659552
fdevillier4z,sZ9'6Wj~,596281
aklimpt50,oD0|N919,344439
cgrogona51,bZ9)Zorsl,197827
pcreffield52,"iB8<""lK3W1c4",600413
lnasey53,zF6$aGFlm}D,409705
itilt54,rZ3/<O+Me8K,929191
jdelooze55,wL1~x8xJhx!U,508490
gstainfield56,uJ4'd~_!dar,407120
tomullane57,iG0`vZ.YuK@h,193027
adeeks58,vZ8'T)RDF,139497
nmacgaffey59,kK2@~DSIo,683058
swimms5a,bV3\Dj$fum,181871
hkillough5b,uQ3~Lt6Vv,826498
lhanretty5c,zC8~o+VUvT,564467
ndictus5d,"fU5""(@F!u?BR",486596
tstandrin5e,oS0+P3IZ,389112
mpingstone5f,cH7_?pJwi_TFZuK,727483
ccaw5g,"pP3""2=SZRuF",288380
lmilsted5h,zZ3*vQuz#,325416
sglowacki5i,gD2)ZIK`=,134372
mpetheridge5j,gX2\A7=B|7#,333796
cchastney5k,tL2+NLSK,633352
eblackett5l,cY2>z(<',605003
rdyas5m,pG9}Ea`DlA,848538
everdy5n,lB7&`A=o`DTm$Cva,912399
bjozsef5o,eO1/XssV,412489
kspira5p,dY9$+72H@~A,169813
hmichelle5q,dB2*s4Z=,374997
rnutbean5r,"hW6*,BmE",429122
kedmand5s,uL8)n}l4UG1,487788
zcadge5t,lT2.+IjfvWS?o,346348
emartinello5u,iJ3*w$3.yJ9l,594751
lstollman5v,hO4{FkIP&PT`,376969
ijobin5w,vY4.L&Xi\nbX4DKf,236056
rmangon5x,"fQ3*1cUv""w?J964d",797109
ksciacovelli5y,"gF4<TEU,ZtFKnK",138407
rbrayford5z,mZ6(*MJA,385993
zbarnhart60,mN2<K\_<fO_,862475
sgayther61,"qX5.bl,o!",443905
aolenikov62,oU5}=H#@a2.dJD,268187
ecoysh63,"qM5""zYtfdU6PtTS",458051
gsummerscales64,qZ0_sa5fE{PbP,442529
dturner65,lX6_RsD_fwIPi6,138743
coakley66,rE8!/tS(=D/Q,808264
rhitzmann67,"jU1/E`<~du!d""D4)",577237
kluetkemeyer68,zZ3.sH4))#E(YN,241556
sredpath69,yP6$FAdMrB|%,198998
mparmeter6a,"xF2""#y(uL|MI",577500
rescoffier6b,"gR5!bCCC,kRn",394682
tpeile6c,pT1)#8VHAV,733197
vtingcomb6d,zL6?jJ_?Ty)T,516182
pive6e,vT9\BFjH|Y8J%F,998531
lfranzewitch6f,gD7}=acg5ccQf,308279
ielsay6g,iD3+J'%uT,720852
bwhalebelly6h,"uT3""60ZXtH'",551743
bslowan6i,pH9>s7|F,885146
pcrepin6j,"qM1@vK#6S""",465288
wgrout6k,vF8<<1)zBBYR3,307500
mbedding6l,mB8+uO>#4&a<sI,486008
jkisbee6m,jJ6.%.&hv~dJhyrb,361739
hivison6n,"oX1,*4V`?/|""?S",228906
fcosbey6o,vA0&x/)@YS'SrQ}Y,416057
bkorba6p,zD4%6%63Pwx6E',722736
jcapehorn6q,zA3.>QKPaWONd0U,486898
mcosser6r,xR3=qN&<d,385358
lmilsom6s,eM4%A.d%<,590132
cdonahue6t,dD4|MY'Zz,316507
mforsaith6u,eM3~*ta9dnd,652988
mgetcliff6v,bU1%)0+HtDt5PT,369047
gbimrose6w,qR5`o4~!{,372440
fsprulls6x,nL4_VS/2DxPBJ1i,779200
bbabber6y,fZ1?H*3TY\r3KSX,465023
rkhomich6z,"oE0<""xvS",716023
mturfitt70,uU2+.9Jc+=Mk%,550224
emissington71,uA8&\V2G,201868
corring72,"uY6#B9!"",Oz",293199
ldowning73,zP7*wC=w,670464
eoloinn74,"kI2%AAcD@ooD2""r",197053
ntuffley75,tQ1|wB>_+5'<T,635675
etomanek76,"aW5!t%fs/0qY""Q",741438
lshuttle77,vB5}a7O|fN0`Cu,241126
aodney78,eO5`t4y.g,324018
astanes79,jW3\I9M8sS|,940080
ghartegan7a,tL9.xm7r,254915
eposen7b,oM1)cTlS+,760932
pelkins7c,kR8)L!URK\c55(m,103341
hlife7d,dB5|%g2bBO,265571
agergher7e,aU9+mMGP4),545760
vmaccartan7f,gD9~sSfnSWx,714524
bpagelsen7g,"qD5""ZnLFR~",969474
rgodlee7h,oZ3$JGEO)|P~T,338406
rhydechambers7i,oW8&)AvO$u,404872
jsackler7j,cH2=0Tkq)=|3,531950
kmattia7k,tP8{L6_qI)gJ,957971
kparmiter7l,rV0<@I'<5M,891342
pandrew7m,jF8#b@@@5JcLa#*,448538
jrule7n,mI4!Z|Z},871364
vhessing7o,eJ8$I_U{XT)=DDP,186493
sbeacroft7p,wZ4(dwln.V,156478
dmcgeaney7q,uM2/06e$zKA10/NE,307262
scartwight7r,kM9(gMEQjm{N#,681614
mrevance7s,"hU7$""iKGq8",167763
arabbitt7t,nJ2)S$aF)e}P,140255
jbradock7u,wE0.U>w=,243059
rarnison7v,rH1|L!''fT9P,400368
aeccersley7w,lC8/oz)@C\U3g,885143
cdmisek7x,fA9\tza*zup,311119
darr7y,gA0<'!nICq@rNU,685781
smadine7z,"fJ1)$""j=p$(",858802
dbalding80,fS5{I$5F|,676567
bbarca81,"zS9?_,D*lZ>T",621196
cbumfrey82,eY5)NrQLiNYrL,621473
afranklin83,"vG4$1m,&IQ`wvXkC",915734
bcracknall84,uX8=&~R\FMofy,426150
gpatrick85,fD9!EH5sh#+cb|jB,972419
rfacchini86,aZ7*vE~DM&>,860911
rraistrick87,mX0`w!$*6,232407
jhowison88,kK6}OBTOCFt}iug,690678
atissington89,lI4*G*yKm~W0fGN,200695
ldoumenc8a,pV1$F<PE,187205
pife8b,rT8$)P#H*7,519751
ddoole8c,vI6+Y)N6tVV,145918
hbrodest8d,xM0@U=Eoh|Twt>T,216799
cloxston8e,gR5#CQe=Wnp,291336
cinston8f,hA6@h}iBV,163791
vjellis8g,bE0_0MoB,627534
hbeggs8h,"cC2!55`7i""1",811262
jshailer8i,kI7.R9*scBdG+CSu,573587
hspanswick8j,"uR7!2C~+{1Xv|""",438194
gwellbeloved8k,"gB8#'pUhUoio,f",136540
rbalwin8l,dD9%4OgHA&8lQ0,713230
gverner8m,"mX3=z{+Fe"",w7BXU",310623
smeaddowcroft8n,rG4'TLfA~S\yT+@s,924705
ihocking8o,aD3`%Q>(7K!6BPD,160064
cdanelutti8p,rL5?gUjQr.nQ!y,282382
hsnaddon8q,"pE9{\{O\<mVt,",815888
nchicchelli8r,tY3%L$a~q9!kJv8F,480636
spatria8s,"cO9""r""h8jvV~CI+",836534
mhedley8t,wJ1)xddb{qip,429305
sdavall8u,fJ9*=e!JeGjA1Un,630610
gsandells8v,pQ7+~s+{Ow!V,514063
peastgate8w,cH9~7FG}ym5C,254501
abriztman8x,iK4%l~PH#hA,801679
agrent8y,"lW4'KGZh`o""6)",570808
lmeeking8z,hP8+>qygpH,836010
jtooze90,hP6?#U~}arraX(*8,598964
bsirl91,pR5)FWDbG,116976
pmckennan92,lQ1&b/Ks<7.(E,848011
mpaterno93,mJ4%b}CQu$wRAix,631225
rcardenosa94,uQ6$FMg'2gu,331106
aoffen95,rQ3(tQi`8x`Mmb?b,408419
gsavin96,oE9.2!5XO,532781
tbarfitt97,hN1\=5*wUMr!k~B,370315
ctorra98,"wW1),xIw_@NBFY",791946
cfulham99,jW8`rD}00=,400898
ngimenez9a,qS7{@nqh,690318
aspitell9b,xW8_~KN&*J_CddZ*,260473
imunning9c,jP9!_O#|DH(x7,458966
bbroadstock9d,jC4#>6L=G,314942
dorowane9e,fU2}u0_i<L,821474
pstonebridge9f,lP8#LJ`x${,442872
pbonnavant9g,aE3.7O{jjSH,336733
sheugel9h,tY5}vf}bUFY)_J8,542998
uselway9i,yV2@<}us'JAZ*>ly,604830
gtrask9j,qE9'rrB~6VIPI@N,326705
ebracher9k,yF0.75XI,215308
mmcdonnell9l,fV5!DAg_,115677
ujansson9m,mC2+}cW59i{H,991343
hjolliffe9n,sG2.JyPBAWJMpX#,977737
wwithey9o,cB7.I`6V'<v#Teug,374719
kgerriessen9p,"hW8'w&YHpA""",461285
cpentin9q,gM4(/GS%7L(uxYU,279627
dlarmett9r,bQ6!zbNU\mm,735159
xpolhill9s,"qJ9+)Gp,""m",417681
jjohnsee9t,iF9>K<1V1R%NEro,559421
estowe9u,tW4*!E/`#vs,250377
jbennoe9v,uD7?#g4!$I6O8D>n,520056
dtomczynski9w,mL5#)zE7obX,730907
gwooster9x,zJ4.ky}R43,615288
cmaudsley9y,"eX7\PcI8B}"",+""",564292
ptrench9z,pH8}.y_i\`B_.W~y,798110
grusta0,cZ6%i3Ec|4P!,765944
gallota1,mJ3)PkqZca2n,724979
llocheta2,uQ2.4_fcb$J{/,224632
rhendena3,"mB1,#Nh?5#j)",490548
ldoornbosa4,"zG7%5rydF4to""3",150545
cfetherstana5,qU1?nt=i&,195916
phannama6,xO4'JIoBI,680182
bcornejoa7,jS4=?)_sqdSpQxs,379752
pduddana8,"fB6<KWK.KQGv,",386582
bopfera9,eT4\%QWr,912076
jlefeaveraa,gT1/%|{>CaqiE,945804
kmarrianab,uD8?v.>C4lI_@,808775
sdorranceac,aM5=V8sb?/,328905
jflecknoead,"iA3,o'y>DkdmbU9c",632575
ecottaae,zH6|Kzy$1,501283
omarquotaf,"eJ8~$,Z8*zSYrG",883082
csawdayag,nQ5\l.F{,548089
hannandaleah,pO6<ic{e}@5qT$CI,563646
fcasesai,iW3\UV#'Rx\ot,531171
rghidelliaj,jL4\C_8dQtq&,870745
rguillainak,vQ1`u%{wLFm7I))G,871416
kranklinal,"uT4?S,am$j|O",544538
fhalloram,yQ7\EdTc'3}~v'B,783084
aguisleran,nD9#iN8\lU#sHB,644468
selksao,oZ2}r2iF=FvsD*0,359082
rpabelap,"dB3"")*b/$qY/i,",953752
pwarcupaq,sG1!@xhN*ourL?',150851
agrandinar,cJ7?s*h2d$,572030
dsandwickas,kV3%Q20LA@GC,740699
kwisniewskiat,"bI6#Es&cs""<m,",219681
gtrueloveau,yU3+ALCt`Aw,530527
tprevettav,aP1&qFH4g<5,467910
dheadrickaw,lN6$Td}UQZwb~&,568763
hkeeneax,"fN7?`r.pv1""*jBR",582688
iburray,bG1=r!BBb*H$rsTQ,545734
gscotchmooraz,"iJ5>3)""xhHmE_TD",144582
odreverb0,lH5>LR0A#,417169
lhickinbottomb1,oR8#G`stzGCt,537479
mfraryb2,"kL9~H""&js",843187
gferrarb3,gZ3$Z+X?'!p}5,988969
rhansberryb4,xS3)e_nu_lX@Da93,261075
aflugerb5,uY5=)qc6eWBu53FJ,895733
tvitlerb6,bK7&uGfmx,650463
tmilthorpeb7,xF9`Sn3keOA/,583021
jgimblettb8,rW2(cX!&@rimKy8,228385
gmccrackemb9,jG2~3pf&,115183
ecasesba,sH1<6C*mTL,745464
bcattermolebb,bH0?Eer!p4D,954562
lsullensbc,"aG2&4I,+AupAv{",563598
akynndbd,wG4+or#cDL>e,711492
lbellobe,"lN4_,(Ll{J1",451081
pweirbf,"gD8,X6BzLu",481331
pzolinibg,mQ6|}%Xl8$@_,635617
kgoodliffebh,aM2%_?NOm,207673
mbeebebi,qT6'CRhb>+UJdU'G,859433
rdiklebj,sW4(*fA9q+R3N,436303
dsmaridgebk,jO9}Az{`@2,236437
etwohigbl,gT1=g4o'H,380262
lseeneybm,"iJ8>*i,ku",618645
dboultbn,zX9/A30>FTfi,345592
sluetkemeyerbo,dD8<xu1l4cG23,541954
rhuncootbp,xF2{+W7IVMMpBAZs,445112
kingbq,"iF2,9.gevF,",997704
pcrottaghbr,zC1?!5QU,104152
fcereceresbs,pV8!yCY}C3iX,523910
lcheekebt,qQ4(e~kTT0,375514
hbowbu,yW0?2g49_\2,291526
hmccarlebv,dL7~.E?A,652384
imcfadebw,"pW2#>Ny}_""b'M*",559821
jneashambx,zN0\kE8No,533018
gprebbleby,xP4=P#oGAng,231647
whaylebz,"fN3.l~*2L\F.m""6",239643
lluscombec0,vR8*)HKseVv,159408
agisbyec1,iB8=8mS/Qy,407136
medec2,eH5@X$0YuD593,587193
sbatramc3,tB8%U/YyIwn,611023
akayesc4,"zM3/""J)e,od!U?1Z",590508
ppietc5,"oU3.W$W""\B",472502
asommerledc6,"nO6""F4en",434393
gcordyc7,"yB2,'Mbj!A<Wc{",135433
mkirkbyc8,bQ6!CQFD,659276
mlippoc9,"fS3,G!b<}",497711
dgilletca,"dC6""|1Rv@+`o01c",207192
ijerviscb,dE1=D7$@zK7!anbf,595860
bgosnaycc,pK1%M\?CU\63@9~A,387066
wadamiakcd,"eV9""q}8!DZmQ",713605
gpinace,oL4?jQ!YuWmn,902745
jcroycf,cS9_?%V`}&Ax2,609832
gbriggscg,aF7%A}g7`{,964540
jbousfieldch,aC6_5dJ`O_G&,298284
komullenci,yU1!x4T*+h{M1nm&,392705
myankeevcj,gE9=(>h4%v(G3i9`,172144
smanshawck,cH1\E02Xlc7me,197820
ribarracl,"nR3'N,$`u01&=""j",494062
klushercm,eZ9*22$=lf!,545853
froderhamcn,xU9{V08HC_U<,594314
emcpakeco,yL5_/=p>+RrD!,729256
nblennerhassettcp,"vX4""Km3}a*g\}",796661
tgreenwellcq,"sG2,=h)br",167302
dwoltoncr,tL3!US+ND_#P,391724
arappoportcs,fE9}FXK=MC}1r?Og,706915
rdeftiect,"cZ1{77d_5Q!""6u",171023
acastlemancu,gX3*MmeGsks@p_H,577535
gmussallicv,wJ8/~Qv'o,557420
gpraundlincw,"yK1=B\_S},_Cr$30",589683
emccafferkycx,bR4\}P_|Qi,875678
asavillcy,yL4#q!}x$umFC,274973
fveallcz,nR3&PAlGoVD7T<~@,835147
boffend0,lE2>A*8J,912070
byukhnevichd1,vK9=o_++%fv\9We,947072
emacbarrond2,dH8%7_#l5,290500
rmacbeand3,kN1*kAI.*3no~,137292
gschwandtd4,fO4'oWFy~GvCL?k,699869
mlightend5,eT8?cfK(m9`,147894
wfearbyd6,zQ1{aABL,535661
ylummd7,fF8?IeG3,858069
skeetingd8,"aX6.Ts,tv",569441
rmarkhamd9,"kJ9&""*_Yo,1U",923433
coutrightda,uF5.%|w}>cq(XD+D,336888
kbateripdb,sI3{+Pgn,410617
vcassleydc,"aC5_C""ZQ\s`Z4ypK",730883
kotydd,"gD7~)KgE*.""!VG.|",356720
mlangdonde,pD8'AC%5\Z$Tp,736642
mslevindf,uN2*n`#Ae?<t,506767
rgosswelldg,"sH4%,l%{",262317
pteressedh,yE5%?U0Z?q'lN(K,482965
jbalstondi,"oJ7`FhB\}v*,@r",112472
lwolfindaledj,"qP7=2_,RNH#",122946
amacarthurdk,pJ5_!3D8Eo'`l>R,582402
acalcuttdl,pF4|IRE2!,821809
vglancydm,uO7_>g%bP4GwBkRt,449277
sbraghinidn,gZ8_Z#dy,512157
gshepherdsondo,pX6*IQmxllI0X.8h,777586
lseigniordp,uB8{<xbov@l11p,815380
mcharkerdq,"oL9+?5,=""rFcGN",355795
sbrockbankdr,"sR2,X9(=D=G",418079
bkamallds,"iI4,h$FO",765556
aedmansdt,hJ8'x/9F9,606045
rkistingdu,fH4&IyBKI*j,877395
wwreiforddv,zO8>w9vm+m,699840
etilzeydw,kB8!?N?|{zf.6bQW,124625
bworsterdx,"oL6""nLQ41J",937727
kbriskerdy,qC3'b!/i~ac{B\V|,137908
fburletondz,fX5`kPUvV!14`M|,266463
mberie0,uV5~d|`JMyR,252701
pfrancesconie1,mF1?|tXn5G.fct,230685
dsecombee2,pD9'R.>Ie=4,924983
dhaileye3,wI5%{d(7FUyLbe),249813
ppleye4,"fC6!""<3T{t%w9",783113
ladamike5,mN5?6J4z9,469745
larnefielde6,mU3?GhVDb4Y\*5b`,419890
pdwelleye7,jT7|17R+Y,281841
cgearinge8,iJ6>b6VR&By,205351
tjeavese9,"rJ6,""FZ}06fyK",697637
tshortcliffeea,nS4&6GizXzH,863983
vmartynseb,gH9=6I*My.2,462615
mshoryec,"wL6`oM)x4,9|D}B",169141
bfearneed,hY5|rY/AlS4tkP,882257
sedgsonee,"fD2$=,>','PH{Zy",623919
pwallasef,lH7|7?q7D(,966905
shawtreyeg,bD8@l9G{lg,815474
cmcoweneh,"sS1,Cwi<?91",160934
sapdellei,aZ9/\+3<)_#bzW,996978
dcolyerej,lZ8\X)vmiJ71C,759080
ksherrockek,dL8/vaLH9k8,769545
nkinchingtonel,mC0!RgS2_G,147764
asantiem,xF8$>{$lgA+5@r,481703
dcraddocken,eH8_)uBXA/3m0,779011
agrunbaumeo,hL1#4>WP_j,968306
meaklyep,mV6=3|dPM7P/B\},224805
gtarlingeq,cV1(T_!0g,488292
nbethuneer,nQ2+SW4K1m@,195419
dmcclenanes,dQ7}*Ji7Fw&,812083
teakleet,bC6@6+F8o/c4s<,684398
fforryaneu,hH6/{ZXT,442151
cschutteev,"lL4*3S\cdm_O""S>X",350406
dharperew,"qK7""FV!lb",735393
cbartolomeottiex,"dA3,|F1t8@Ub>aI",942552
eovershottey,aY4@>t>4MiT,516262
ldebellez,"aU5""V(3h%frqw@S",296988
omctrustrief0,uW1<Ub2Ne)W<,139249
sfaivref1,wB7'%Q~|rqQ2k,926611
mausellof2,"gN8""iZ+iFk",855814
bjoynerf3,kE0_t.pKZH,190215
fmallingf4,bV3+S_S+$7pOV,116414
rpiscotf5,"oN0'}4>pwuS"",W=h",255642
mbrennenstuhlf6,aP1.?C95m%,493429
pcarabetf7,"yP5=QvVjS""OZ5wi",699418
dgypsonf8,pE8)?O8Ku`okxF,689460
sgrundyf9,"xU6'muI""_lbK7Qp'",763808
lswadlenfa,oT4>g3(58!,824048
gormistonfb,cG4|7)!$,391662
fmcvanefc,eB0$dEC_e0'MaE,790803
rdichefd,"kF7""T!x$9uM?Jz",536285
stolanfe,nP9@H04TPo\QF/,621814
smerrgenff,"hZ4""!J%(%p#",960855
rdaburnfg,"vA3,_mNP<nA1""~""n",418161
kfaldofh,"sP3,d}kWzI7Qe",837979
mhugnotfi,zB9!1j0>~*j7,446263
esatchelfj,wA3)#U>A'o*Mc2),101422
lhealingfk,aI3\U<=O$kUk&5if,828078
isunderlandfl,eA4|n(wL)%@J(m,742748
fhassenfm,tO4}eqx8/s+=8g1q,703625
aflecknofn,eI3~v?.~*t},121542
wsparshottfo,pK1/ypaB@xH{>1d,693475
sroxburchfp,fX0`r7Zv,856552
gwinghamfq,"zT1""6QEVeJ",141790
prowntreefr,"xU8,wALj7nOLaT",173847
sflackefs,jL4/h356C/.Pi}3T,636478
ksummersideft,bU3_JuUHF,861220
lharomefu,wS6~TZdm>,189889
sproudlerfv,xJ7|W/R+,556481
fskudderfw,zV9*5`M&$K`(Pg7,571801
nsheepyfx,xR3=Bi&WktQW|VD$,425829
isussemsfy,kA9*m!}kT'U8,561511
jmilleyfz,wS1_0(?f='mx,207518
xahrendg0,mU9$y#DY9HaZgo,205523
rbacklerg1,aH4@HG3mq=x_*$+,572838
bpeersg2,cK9)bXyuJ+2|,634269
mkingstneg3,vV2|~INm>lkVN,741614
jmaevelag4,xW3=A7.3#Coz5dD,865011
nboulderg5,fX9`|p<J<nPMx6*),247558
pleefeg6,vM3/y>2e(B+J/N=N,660533
ebellordg7,vM5(S!.n,746603
epipking8,xJ5!mvS5o,297423
tterbeckg9,"xY0""\RqLdea7{U",460969
bzavattieroga,uB1~unKG??n(,846120
dturfesgb,jF2}xk}?PG.6'G,834807
amcgilroygc,cO7~(L\?9Fm,501494
lconnorsgd,fM9#0am!0qp!<,968726
dmarringtonge,"lF0%P|w$Wz2lFy""q",468897
cveldensgf,dI8'PaSMA3)',375015
lcalladinegg,wN6*|YrPJ<,272168
jpickfordgh,"jV8""tvA5>|5o+_",652695
tgoldsburygi,dU6+&cl!!*rlt,202643
mjinkinsongj,kK1)4A+<yPP.20',146606
acordeletgk,"cX9""GykG}vT",224352
dpalleygl,tY0(x8kmh,341788
jporkergm,nF1_fukH,625809
ecornelissegn,"qV7=~1UpdaVrO<,L",248165
dvasilmanovgo,rG0*s/.Szs#!X,630187
dhadleegp,"zV3<u4bV>,H",394280
emoncrefegq,tG5}MP&@\5pa8Fv,264749
wsealgr,aE3~~6<},209307
vrickaertgs,"fY3/4A""8,",734511
lbadcockgt,qE3@a&a0sw,310679
elowdegu,"jF3""v~A5`9(VwO=6",441248
ksoopergv,cX7+zd61?{ax`@%7,364359
asimonnetgw,oH0+k9x`l,653067
mkeblegx,lW8|'dM!BJ'GHuP,661934
aorangegy,uB5.V0>ej%n!,263652
oporrittgz,rP8\HxjY`j}Jhj1,857624
lmassinghamh0,dF9(zL.c(IP,202371
cpeasnoneh1,vT3+@~J&$Ov,339551
pkuhneh2,oQ6\eC{%w,406701
fyurovh3,hZ4)~CUJ2'wF#U#,748289
tmckinleyh4,sL3*3Z`/f1(wbV6`,578060
cogbourneh5,cD2\*&j$d'%kj\q_,949014
nkeetonh6,"bT3?,&tGE#",689553
swatermanh7,"bR2}q4M0""",983494
ttiptonh8,qV4?P1EU6!oNLtT,252620
adallicotth9,uM3{VI/HP@,971332
mmcwhinha,hF1+L0q&VV2o~oNU,681566
hguyershb,tF8@3CJ#D7wmg<W,169155
lambrosonihc,vQ8'4C(RA%y<n,433816
pwhytockhd,nU8`A7I\G1,362146
lsimakovhe,kC9.2mh)E$4wc_Z%,522458
cskipperhf,"jK5}FXv)yf""",712842
sdemicolihg,"oL6~V+,fd=ta~zf",174969
mbilbyhh,fW3{@53{s4KboO,810312
gbeaganhi,iR8}z1.qunfa3|7,703171
sstortonhj,"aW8@""oI5",369160
acottrillhk,"qG6>A,gXc4TQ",853083
egiacobbinijacobhl,zO1(vR&_H0$,565147
rgoolyhm,cH5&$FgLs+,932111
chodcrofthn,"qW5>R%M""F)11e9",628509
gkunathho,tA6+qXLq<,334149
bsamuelhp,rJ1/8M<3,887275
akidneyhq,gI7_kiL@_)rrsosn,720151
cbartulhr,jV7$(Nu\Q,115438
gburdounhs,vY0?wvV48k?(Mv,724382
lnorvilleht,rN9_IR>vtFeEp,775114
aclemontshu,zD8|y8sEA,371775
sruthvenhv,eR4/7mWS,154312
mgibardhw,nM9+$`P|,492807
kchavezhx,iJ9&|#Aq?#rLr,868463
erobynshy,hT7((PP{bBf,483944
rharsenthz,jW7+L5(%nyuE,472533
aslymei0,cI5<$zr|<K=#G'7,850910
hsynderi1,nG8$idmo',241899
hfredii2,kZ8|<CbM|7rpU/3?,517071
ajollyei3,iT1+UrNa{s,774359
cshrievesi4,nV3$#\G@r\,731836
acoggoni5,"xX5+v,=*ZK}7",965301
sadami6,oJ2!'LM)1g}p(,511386
gbeckeyi7,gM6?cxugb#5(vU,333561
sandrysi8,sJ2)\J3*!WJ}79,821796
npaddingdoni9,uZ4#J&3t%g'.TY{,345984
ljakoubecia,cD1{0|9zk|S/r,468123
snesterovib,sN9\uWBrSwOOnLv,719585
jflavelleic,"jA2&Fc3,",948717
phanleyid,jE9@k?OoSDu,869674
aannettsie,yS5>bJ'|zE!,933258
blivettif,jX1/LdDO0mfIQgt,547709
cmcelaneig,"fO4"",sDpuuQI+IR1",950690
mbulcroftih,cC0$z=@.esDEk,814301
shamleyii,iT7=d+ruFg?/,650019
jdaniellsij,tS8+di>k_9+qX,562425
mdemeridaik,"wS6_NeQ+7,_WZ#R",528697
mcolebeckil,qG8?AJX{4iF,737496
rsaraim,eH0<U7q{vUGzE5Df,947938
achettlein,pP7<hh#Y\)VHw,239940
bcandyio,lQ3+72e*{&ZE~tq=,251996
rpeagramip,eQ9@l(FWy?'7wO<,665949
rfilesiq,"jF3*f,4_Wb83H@",696137
obixleyir,hR5)kQhg5O,624146
nmalyanis,kT4&=#UwW6,111207
aguyonneauit,hK7)3ITxP80dWuI,121362
mfearnsiu,"uD3$O""H(",282510
jbulleniv,fA8.A|Gm,897798
bcordieriw,"fM6|l3,dmpZp",263426
cdemeyerix,xW2't(QXE,739522
ydenersiy,lD8={U.xQVlfs2B+,365358
mtruderiz,hO3'Ok?Kv/&wD@,434465
dcovelyj0,pL9}_YJ3r0g_ir*,898308
rbridgnellj1,"sN8|Kv""dBFlZ",282554
etimlinj2,nU1/y#<=b~S#277m,804613
whalltj3,eO6=+c.I9,199367
tgeverj4,mP8$ms'j>|KGsU,411297
rcraikerj5,"jC5""nTPDe(",939436
aarnaudotj6,hI3*kKIWC{Fgs,508004
jrailtonj7,"cB0_/.xn3?&p,",921525
ldonnanj8,uS4\n@f3U,906393
pberrickj9,cE6(eL)\<wkBYl,712960
acrosonja,"sT8'k1kr!""~",960153
rramjb,pH7|n`E<Y&P`>vs,314158
lebyjc,"yP2`x?""f$=i<.",830906
vsowthcotejd,tN2>yTc#9V!B&qr,805012
croylanceje,hZ7&8~iuua{R,857213
scluleejf,"sU7<""{W9L",615580
flampensjg,cV6~h<F|X,932445
eparagreenjh,rL7}J*N\(>7|f6,369946
astreetji,jO4)M{v.8_g(<d,502404
abemrosejj,vM5)asS?,767358
lbirdwhistelljk,oL2#A'w\H~'4~0,814415
pgelderdjl,"vX4,~`yJA@&5,A",889769
mkupkajm,fS4%xv>uIyLkPQ.,908181
gcurmijn,gU9$%qEs,478912
gallsobrookjo,gW3%#+G`0l_|,790336
cwernyjp,"zD7_,""3N2trF",969257
kkearleyjq,"rR2,\)nS",321007
jvidajr,nB4/Zy5}I}4o@ra,830806
tpechejs,hW0)y%Co,798881
hchessiljt,mA5+9}bJsdo,795591
wbauju,oZ4!)$6J1i>PEw,120998
ssimmelljv,"lN9`dy,4lS",871704
rhousdenjw,"aB7%?|,|r@gro,",253488
gsemechikjx,gP0>qW$B7,969849
nablottjy,"xC5~MdXF3Fec?,",188688
rcrilleyjz,wT2`9#=Y{vSvj#/O,135514
bpenhearowk0,rY3&Vkr0mwU9B,147969
vhandkek1,nU2`CH3t3,789069
ahornigk2,fU0>c%v9~kkLmA2?,374126
dashek3,gA9(BN/WC~wsP>,564830
nfetherstonk4,"hM5""wp#v$m8*.M",321661
htrudgiank5,mH5?Vtv7H%,186553
sarmsdenk6,"lU1$m""yy6?g5yw",650355
csantorak7,xC7}n5\#\i@,372555
cmatonink8,"bA8|}F9N""b$",271888
abatchellork9,bS3@9'cEo_/n,843988
hkilleenka,uX4)F&'o\0Q|#6,623669
skernockekb,qO5|neHKp3H*/v9,202206
kmonetikc,"rY2_2$""u,p",676740
uskewskd,"aF6!O,PCPb/)V",540046
bdillicateke,rK4_2R`9Z,726132
azanuttikf,zG0=)'&FBT.~3,103101
astygallkg,sL6&Yh'Xgx,681959
ppantlingkh,nA0{2@8Mm4/89E,394354
ldraysonki,zC0'KkZVcUACy,825940
bgiacopinikj,"yX8""zc{t.?AaYg",129406
istarmontkk,iA0|iN.FE3e,599624
vpurcheskl,"nT2?c`7)@""JeM",233140
depsleykm,bQ8@3(YqX(O}ak,979717
cpetrollikn,rD3<tXIpv,451965
sjemmisonko,jN3!U8z&p,612392
rfraczekkp,mP1`A.SaENtdu%,918093
rsodakq,rX4~|'pFkf(,196877
dhowenkr,"jU4~tzN,""Z$LCf",273024
cmerridayks,yQ9&HrV6T05,392723
lpendletonkt,qM5%`'xr!Yog#jGc,793158
mjiruchku,"bV0\dA\.h""""Hd7",189357
efouldskv,lH6*bs))pD@,484973
ldamperkw,"bP6""Bk""Au3R`.NVJ",204618
aenochkx,uP2{Eja_,912221
scasariniky,hW9(PLvF*,254402
zhernikkz,lT3&wEZL%}|c,395736
ppurtelll0,sX8|4x<6JG26>0`,760352
gdeportl1,"rJ3""0/A1tkN{lxF",837205
bknightl2,bZ1\99U},895550
mmumbesonl3,aM4/!JOXnzs+!iq>,529210
ebernaertl4,tH6*?8~L'T.\rL,307224
astrussl5,"pJ6_Qk,/H10R}iaX",193205
wbelfeltl6,tK2>&#$L=,670840
mcarlemanl7,cS3/<o1s=XW,668944
jcawdelll8,pT2_GB%>j_s<~,955834
rphippinl9,cJ2=0wwQ+EO.TO,123336
rbritlandla,oX9|'#cEkv*D,119183
bollislb,jF6`D{I&Jem,464513
gmendezlc,"aF6$CC,m00""?",530927
bmckeachield,"rR1""&on7",826851
mbeeckle,qL1(M@PGOnp5Y,380029
zgodlontonlf,zO3/xda$iod4H,591197
aperottilg,wA3*o>Z1S!PO=,405964
ohextlh,tS4~yno(4,458829
brodolicoli,wS2_&cP=0?.(L,582506
mellwelllj,zC0+dDK?|RdYDQ,278880
pmargrielk,lE3('OhF,141597
jkeayll,gA6=$jeN=`f,849980
nglassmanlm,"mL5""%NoGu",920614
pglaisnerln,"gV1?xx,$""",237542
lsainerlo,"vT9""6yr9U*hD/&H$",285880
dfitzpaynlp,qT4<Fzol+43wXiC,707041
anorburylq,"mC5&&_,H<}D14P&",783553
mtrewekelr,nR3#nBZeHW}}oe,706675
vrabatls,hE4#dTA!gxxA,185731
gcorradolt,wZ8(t@knDjw>,776408
gpippinlu,bP4.nlJ~,484645
ikilpinlv,xH6@rQ~EXk|N7I,559967
kisakssonlw,eX6`Nywn,881105
jkorblx,"eY7!j<#>,O_8",618175
nmardellly,pU0~EU|(Cmn&W,607067
bgaleslz,hD1@D8MfNsh}\LH~,831067
sschierschm0,qY6=IAL*\h,564329
rjakewaym1,zF0>3#7FxqbmW`,710933
bcholmondeleym2,nL7'ImRk!xG.qqN,737486
pcrickmoorm3,hD8(`DUT|IiU,637423
ebracknallm4,jN9.T)yCA,149713
mmanachm5,eA2=m2zx0vtWh,217094
lfleethamm6,aF3{/zGCVD,457260
ydymockm7,iK7<WWuJDoYfsS,935851
cgallonm8,"wI7,~yY?_p0.+",405427
dclemmittm9,"qP8{(ZL""+8`)x",804930
jreisma,fC7_qfv3I>JzTKV},815366
tdundridgemb,mK5=#0.Kk<jxKu,708905
rslanymc,cG9&ef$W*,987344
mfoddymd,cD9+J@b9`)+R!0ZF,797119
vmacphadenme,hK1.0MrjO,936730
vmityushinmf,cD4}ifk<X,705446
kbeverstockmg,eP0*o/ut(}`Yp,723240
mtayspellmh,rF9_9bh91gxQ,320241
gmckinlessmi,"uH3""@5/&<.O9#Y",956539
jarnasonmj,iA9!}iy6mJ`sD,269465
dknightsbridgemk,mH0$_Ty{5%H,141132
ibovingdonml,cV6%<7*mF6,517955
dcrinsonmm,"gE1'~vi/h""J",113560
amilkinmn,eP4&jP*/zy.LN6y,176102
jdigwoodmo,kV7+hPAo+,340725
rcowillmp,dZ9}Xo`aJ>Yv)Iy,974276
bcharitymq,aB9`!/>=)9I,360773
lbothrammr,gX8.usO2ai,442776
dkenwinms,mY5<N#ko<@pQ,490049
alangelaanmt,fW7(C_|nb,120324
bmainstonemu,mU7@.Rlm'_r}pe,502387
nbascombemv,tY9(hI3@x,789858
jkleintmw,fO4~@R#l,921202
lsumptermx,oP5~MT=Y',547163
pmckirdymy,oJ2!xe}S@DIJ,272311
mgawnmz,"wF8{ne2oJI%"".t",344133
lsliden0,jI3$/8.gRO,406938
cfinlatern1,"kU3$c{&eAfT,h",268913
otyhurstn2,yG1!8ZBcT8f?em,184995
swiddalln3,gJ6{TH*iR,266550
bheapen4,"qU8(Cd,FX",306048
ajakoviljevicn5,jM3_=R.)!yj?$,837721
hswindlehurstn6,nR8?`={yrXGlo,426430
aearngyn7,hZ6&keh4wx{,251826
boveryn8,eV0>8#uH>R08'c*,262045
urustedgen9,sU3<x'X?+Uldr/,834472
bhubna,"jU0&!,/'=@wHk{",719628
ascarlonnb,sI9}F`Y(C/56,268059
mwimsnc,hS8/\h6|eV=9RS/,836609
gsundinnd,"sW3(,NQVVQVVAD",145945
adykane,nE1$o$2X$PvOnd@,407276
clyndenf,sB3+1fVZSCb,111852
ggrigoreng,wO3{I)<5}y<85a,527126
alowlesnh,uY4%bjl<R!<,337504
estorresni,dM4|9{$y,623098
iherkessnj,aR6&np0hvfI,677136
lvandersonnk,zU4{O%xo?q}+,896670
rjaniknl,nZ9*zczNjv,156568
bjaynenm,yY6$T(hDZi4m,916263
jchillcotnn,wS0>&XNM,423960
baslinno,aE9=40&yyNy,792726
mpittawaynp,"rB7""@TlNe!",431708
bkestonnq,gA2\*#?%~c,518333
dattenboroughnr,"pT3""$q}w8",578184
clearnedns,dW6=3fw6#~U/e,582257
mdiacknt,"rN6(z""%T""H4Xvs8f",129556
phullinnu,aG1#EcyH/D\mj,923584
lhillocknv,rY2=2E)X6sqKa},259180
ebarlthropnw,wF4<c@b.,433313
amcgonigalnx,qC3=LKt$RzTv,356343
gchalkeny,wA3@f{M{mrhC,133447
espadecknz,bR9{}QG@,997319
dabeleo0,"dG7""YdG)t{T",476453
mceschio1,eB4\Nb68%,594127
dhasnipo2,cN5<C&WI?LEvF,445236
lgoltono3,fV6*(iMNXP$S+z,674400
kvazo4,kC6_iB+V<Q,528927
atompsetto5,yH5(5Z=skD/@s,236869
ehodgeno6,yE5!Yb.eUR,371021
anormanvillo7,hV4}!V?(a|AS}cpX,132180
lhawkeridgeo8,fD9/T<y>4Cs\d,805635
glemmeno9,yY1/(V3|Sz*lb_@(,285731
sfeldbergoa,hC8'R2y*5eHc,379096
hkellenob,"fW2}irPDCSor4""D",125108
mlawelesoc,eH6*qbM`H2/Lq!Tf,663762
egrebertod,jX7&tNMwC,654205
stregidgaoe,"yN7,/i8GMNw",627201
bstapelsof,eZ9{6bLj,605393
sborlandog,jE9@9q6\fj,940416
mcapplemanoh,mR2>T~FGuUm{}r,660764
pmcaulayoi,tP4!dj{sd,968790
fyglesiaoj,"uD0>""z|k((W!",886380
kdedamok,eF9++tjDAB{,957713
kwadelingol,"zC5""j@/GCM",658878
tbythewayom,dH6&R$iA$.6EBz,935600
esteepleson,kR4&2?8Ak,751612
mmcdugaloo,"oT4""w2r{0T/8",261401
cmateikoop,cW1%|5O9I*T,792117
jbeeoq,oM8~NyL2Z|,219239
mburtwellor,eP4=~<ArDQxx,968513
kpinkneyos,lK0.TPTzPO<,439138
kdawdaryot,yV9%VeywF!Obhr),614502
jkadwalliderou,mC1}cHYuIPW34,951010
waytoov,wI4~4vCWsP,128981
cgoudardow,nO5<`<{4.WGCyVy,832215
emclorinanox,nX3*w<lk)@1B,383597
aianninioy,kL4/%!f~4Hnoe,348869
nmckainoz,nI5&.c$at4,269612
bcavep0,jT0`TB|uD,487627
jdradeyp1,zU1*3IgH,247550
smayp2,bR3)CRBQOMyF,649483
cbarryp3,"eG3?QJR*,qf",354012
forisp4,uY3)/|fu,677619
imoohanp5,"iD0,'?C?@",310215
dgusneyp6,dZ5#VHwzNB+F|?j,112590
wenevoldp7,dL5_oDNaBD*9G,392794
jpachmannp8,"qX6'0~cFq.pnm,",672410
thursthousep9,dF9|b<ORm'tZckxO,124421
mkuhnhardtpa,uW1<~Tq3M}`xZkpQ,640052
jcurlepb,uW8_)Ufn1G\n~}P0,442804
rbernonpc,"zQ0,H6>VRNne",623021
fforsbeypd,"gS6,\V=PDkL9&(",134716
eneildpe,qE7#+.0@5E,511689
wmartynovpf,gA1+Bl$Z'/V(j,280428
kcrichmerepg,tS3>tHhPbP_#,209788
tcraythorneph,tF5.h>/YJD|A7UP#,778884
sbramerpi,eH5+Nb*jOg7HKyv#,219651
mmoggachpj,wL2(4xu&N,460228
gblazekpk,rB2.IL%4~md{0y(X,736347
rbosquetpl,eV0`{GPRfi,223170
rstrangpm,nV0?+!0|T0,339449
bfuttypn,iR1|XC8ft~k?F2S,235348
boddypo,xH6(*=NA,768296
zbestwallpp,vW3){*TP?=>Qq,396848
rdessentpq,wM3{!fpIxwi<N,445114
aiacobaccipr,"rK0%t""/@c",818635
lpauletps,sU2\{r2?>eNSJd,874706
hketcherpt,lT1'4q>V4i'6I8g<,988202
ohancockpu,hO9#nAIDk,643777
somohunpv,uF5+6jz6u,904333
abrettonerpw,gX8#jW8%/lm),135899
dizkovitzpx,eN4`yneDmCc'<,928978
kseakespy,gP6%w\?jE,725868
dmanilowpz,"hI6)6E""tV8H",994747
sjeffryesq0,rI6>MQ0u,942716
lskoateq1,uG9+mV>>MGx.swb.,569588
fplanteq2,kM2=lOa|6@byTj$8,117807
nboultwoodq3,eW7+=j`wf}/,327264
dgarteryq4,eF2|KQZzGwJmgD,172807
mdomnickq5,"tO0,Fe{Gb>'",297379
rmilehamq6,aV4?6rHUw+N,633813
bboumphreyq7,cF3*8|#ER9a@EYEN,544818
ralwinq8,"nW5/}~n'p>S6U,?w",976877
ghissieq9,yS1!CEMFeadAYk,205439
htruluckqa,"wV9}<vwmq2s,R",348504
frollinsqb,"pG6,l|$2)X/d",309313
glanteqc,cH4{kIMRIkr`DUF,955993
karnliqd,rF8(=l0a59!z0,210144
jgiacobbinijacobqe,oJ6>|_IF,408807
dkeenleysideqf,lD6'qG%ipDy,125414
ltrumperqg,mQ6@i'ARItM,255772
tcufflinqh,oB6~oiaZNgiYKvap,959400
bgreensidesqi,"aP5!(""kh",883923
pjarvieqj,qJ4{t=Qg</GT0t1,609209
shuglandqk,yK7+47*'Kx@oflC!,241722
estrowlgerql,iC0(rm7*paqY,559691
cwardhoughqm,cE1{gL0Z7,159359
hpettecrewqn,oK9&x7dUA,347292
zsaltmarshqo,tA4'sL&cPIx,297122
kheineqp,hB9~sSFlo,682229
dsindersonqq,"rH7,Ad+Lk",302237
lingramqr,eY0~2Mk{_,449972
latyeaqs,"wJ9,YP0X",272985
rheatlieqt,sZ5*7Lk.@k\({,383264
egarradqu,iV8$'NX#,712298
bspowartqv,mG5\{mb@Y\\U~4V.,631366
ebaldreeqw,"lY6>_,8.KwK",635399
jchifneyqx,bB8'ZmS{vD,378803
tcapronqy,"uI5$o,IjF",748433
hreapeqz,tY2$@6(iD,112188
twestmorlandr0,gK9=LTK/L,248708
ahanksr1,eQ8@<jX>A>E,934635
bgolder2,"iS1@qhR}""9c",340759
tallnuttr3,qO4<VZ@w,634936
dhawkenr4,kN8.o}p?APb.lbec,147749
oshieberr5,"rB3+,qMv}hQ=2O",933242
dvlachr6,qP6)SEBx+BmX|#o,510330
rgennerr7,iD3=v~OOEFRV0,839439
tgiorgiettor8,hM7$2@w*OI8_N2{#,233408
lalflattr9,"jR1,woiPN(T<6%>?",513537
qmckinlessra,kV1<e9)A,828686
dhedlestonerb,pE9`|eqc,810265
aoronanrc,lH1'>NPLhQD,454978
gmatkovicrd,hQ8\W}vw>SXI,891051
kcoere,mB3&StJyF?C,611621
vwickardtrf,"aC6""'bH=vO",627494
mtregennarg,wY4'Cmayh+D,781306
swintertonrh,yG8.QpiB~9_,289581
acarnellri,vG1=\F{V*pLM,935828
dtremoillerj,"gN0""V~3uI@2G",458414
flilianrk,jX3@r/o$0,182415
dstellinrl,eT9>=#Cz,271429
rslaymakerrm,dF4~O!EqvY,676509
celphickrn,"xF0'fuvWDz2o,dUB",252600
bbaudouinro,bV9!m1~X'(,459856
adeluciarp,oZ5?xqOF'0E`,184570
gelleringtonrq,uL2?p)YOFk>Y~Ipg,697541
hpawleyrr,lA8*u12).NO5tX~=,733329
